{"last_tab":"1","homepage-slider":[{"title":"Dramatically Engage","description":"Objectively innovate empowered manufactured products whereas parallel platforms.","url":"","sort":"0","attachment_id":"43","image":"http:\/\/localhost\/WordPress-2\/wp-content\/uploads\/2019\/11\/slider1.jpeg","height":"700","width":"1920","thumb":"http:\/\/localhost\/WordPress-2\/wp-content\/uploads\/2019\/11\/slider1-150x150.jpeg"},{"title":"Efficiently Unleash","description":"Dramatically maintain clicks-and-mortar solutions without functional solutions.","url":"","sort":"1","attachment_id":"44","image":"http:\/\/localhost\/WordPress-2\/wp-content\/uploads\/2019\/11\/slider2.jpg","height":"700","width":"1920","thumb":"http:\/\/localhost\/WordPress-2\/wp-content\/uploads\/2019\/11\/slider2-150x150.jpg"}],"redux-backup":"1"}